-- phpMyAdmin SQL Dump
-- version 5.2.1
-- https://www.phpmyadmin.net/
--
-- Host: 127.0.0.1
-- Generation Time: Jul 21, 2023 at 10:55 AM
-- Server version: 10.4.28-MariaDB
-- PHP Version: 8.0.28

SET SQL_MODE = "NO_AUTO_VALUE_ON_ZERO";
START TRANSACTION;
SET time_zone = "+00:00";


/*!40101 SET @OLD_CHARACTER_SET_CLIENT=@@CHARACTER_SET_CLIENT */;
/*!40101 SET @OLD_CHARACTER_SET_RESULTS=@@CHARACTER_SET_RESULTS */;
/*!40101 SET @OLD_COLLATION_CONNECTION=@@COLLATION_CONNECTION */;
/*!40101 SET NAMES utf8mb4 */;

--
-- Database: `ofbsphp`
--

-- --------------------------------------------------------

--
-- Table structure for table `admin`
--

CREATE TABLE `admin` (
  `admin_id` int(11) NOT NULL,
  `admin_uname` varchar(20) NOT NULL,
  `admin_email` varchar(50) NOT NULL,
  `admin_pwd` varchar(100) NOT NULL
) ENGINE=InnoDB DEFAULT CHARSET=latin1 COLLATE=latin1_swedish_ci;

--
-- Dumping data for table `admin`
--

INSERT INTO `admin` (`admin_id`, `admin_uname`, `admin_email`, `admin_pwd`) VALUES
(1, 'admin', 'admin@mail.com', '$2y$10$KRXGkY.dxYjD8FLZclW/Tu04wl76lD7IA4Z3nAsxtpdZxHNbYo4ZW');

-- --------------------------------------------------------

--
-- Table structure for table `airline`
--

CREATE TABLE `airline` (
  `airline_id` int(11) NOT NULL,
  `name` varchar(20) NOT NULL,
  `seats` int(11) NOT NULL
) ENGINE=InnoDB DEFAULT CHARSET=latin1 COLLATE=latin1_swedish_ci;

--
-- Dumping data for table `airline`
--

INSERT INTO `airline` (`airline_id`, `name`, `seats`) VALUES
(1, 'Boeing 777', 165),
(2, 'Beechcraft 1900D', 220),
(3, 'Airbus A320', 125),
(4, 'ATR 42', 210),
(5, 'ATR 72', 185),
(6, 'Deccan 121', 205),
(7, 'Deccan Air 1888', 210),
(8, 'ATR 62', 215);

-- --------------------------------------------------------

--
-- Table structure for table `cities`
--

CREATE TABLE `cities` (
  `city` varchar(20) NOT NULL
) ENGINE=InnoDB DEFAULT CHARSET=latin1 COLLATE=latin1_swedish_ci;

--
-- Dumping data for table `cities`
--

INSERT INTO `cities` (`city`) VALUES
('Coimbatore'),
('Madurai'),
('Cochin'),
('Bangalore'),
('Hyderabad'),
('Mumbai'),
('Chennai'),
('Trivandrum');

-- --------------------------------------------------------

--
-- Table structure for table `feedback`
--

CREATE TABLE `feedback` (
  `feed_id` int(11) NOT NULL,
  `email` varchar(50) NOT NULL,
  `q1` varchar(250) NOT NULL,
  `q2` varchar(20) NOT NULL,
  `q3` varchar(250) NOT NULL,
  `rate` int(11) NOT NULL
) ENGINE=InnoDB DEFAULT CHARSET=latin1 COLLATE=latin1_swedish_ci;

-- --------------------------------------------------------

--
-- Table structure for table `flight`
--

CREATE TABLE `flight` (
  `flight_id` int(11) NOT NULL,
  `admin_id` int(11) NOT NULL,
  `arrivale` datetime NOT NULL,
  `departure` datetime NOT NULL,
  `Destination` varchar(20) NOT NULL,
  `source` varchar(20) NOT NULL,
  `airline` varchar(20) NOT NULL,
  `Seats` varchar(110) NOT NULL,
  `duration` varchar(20) NOT NULL,
  `Price` int(11) NOT NULL,
  `status` varchar(6) DEFAULT NULL,
  `issue` varchar(50) DEFAULT NULL,
  `last_seat` varchar(5) DEFAULT '',
  `bus_seats` int(11) DEFAULT 20,
  `last_bus_seat` varchar(5) DEFAULT ''
) ENGINE=InnoDB DEFAULT CHARSET=latin1 COLLATE=latin1_swedish_ci;

--
-- Dumping data for table `flight`
--

INSERT INTO `flight` (`flight_id`, `admin_id`, `arrivale`, `departure`, `Destination`, `source`, `airline`, `Seats`, `duration`, `Price`, `status`, `issue`, `last_seat`, `bus_seats`, `last_bus_seat`) VALUES
(1, 1, '2023-07-21 10:00:00', '2023-07-21 09:00:00', 'Coimbatore', 'Chennai', 'Deccan Air 1888', '88', '1 Hr', 1, '', '', '21F', 20, ''),
(2, 1, '2023-07-21 13:15:00', '2023-07-21 12:10:00', 'Bangalore', 'Coimbatore', 'ATR 62', '220', '1 Hr', 1, 'arr', '', '', 20, ''),
(3, 1, '2023-07-22 20:25:00', '2023-07-22 19:25:00', 'Hyderabad', 'Chennai', 'ATR 72', '165', '1 Hr 10 Mins', 1, 'dep', '', '', 20, ''),
(4, 1, '2023-07-21 14:40:00', '2023-07-21 13:20:00', 'Madurai', 'Chennai', 'Boeing 777', '210', '1 Hr 20 Mins', 1, '', '', '', 20, ''),
(23, 1, '2023-07-24 12:00:00', '2023-07-24 11:30:00', 'Cochin', 'Chennai', 'Beechcraft 1900D', '220', '1.30 Hr', 1, '', '', '', 20, ''),
(24, 1, '2023-07-21 10:15:00', '2023-07-21 09:15:00', 'Chennai', 'Bangalore', 'ATR 42', '210', '1 Hr', 1, '', '', '', 20, '');

-- --------------------------------------------------------

--
-- Table structure for table `passenger_profile`
--

CREATE TABLE `passenger_profile` (
  `passenger_id` int(11) NOT NULL,
  `user_id` int(11) NOT NULL,
  `flight_id` int(11) NOT NULL,
  `mobile` varchar(110) NOT NULL,
  `dob` datetime NOT NULL,
  `f_name` varchar(20) DEFAULT NULL,
  `m_name` varchar(20) DEFAULT NULL,
  `l_name` varchar(20) DEFAULT NULL
) ENGINE=InnoDB DEFAULT CHARSET=latin1 COLLATE=latin1_swedish_ci;

--
-- Dumping data for table `passenger_profile`
--

INSERT INTO `passenger_profile` (`passenger_id`, `user_id`, `flight_id`, `mobile`, `dob`, `f_name`, `m_name`, `l_name`) VALUES
(9, 5, 1, '9688129224', '2002-07-02 00:00:00', 'Sri', 'Sabarish', 'N'),
(10, 5, 1, '9876543234', '2002-07-02 00:00:00', 'Sri', 'Sabarish', 'N');

-- --------------------------------------------------------

--
-- Table structure for table `payment`
--

CREATE TABLE `payment` (
  `card_no` varchar(16) NOT NULL,
  `user_id` int(11) NOT NULL,
  `flight_id` int(11) NOT NULL,
  `expire_date` varchar(5) DEFAULT NULL,
  `amount` int(11) NOT NULL
) ENGINE=InnoDB DEFAULT CHARSET=latin1 COLLATE=latin1_swedish_ci;

-- --------------------------------------------------------

--
-- Table structure for table `pwdreset`
--

CREATE TABLE `pwdreset` (
  `pwd_reset_id` int(11) NOT NULL,
  `pwd_reset_email` varchar(50) NOT NULL,
  `pwd_reset_selector` varchar(80) NOT NULL,
  `pwd_reset_token` varchar(120) NOT NULL,
  `pwd_reset_expires` varchar(20) NOT NULL
) ENGINE=InnoDB DEFAULT CHARSET=latin1 COLLATE=latin1_swedish_ci;

-- --------------------------------------------------------

--
-- Table structure for table `ticket`
--

CREATE TABLE `ticket` (
  `ticket_id` int(11) NOT NULL,
  `passenger_id` int(11) NOT NULL,
  `flight_id` int(11) NOT NULL,
  `user_id` int(11) NOT NULL,
  `seat_no` varchar(10) NOT NULL,
  `cost` int(11) NOT NULL,
  `class` varchar(3) NOT NULL
) ENGINE=InnoDB DEFAULT CHARSET=latin1 COLLATE=latin1_swedish_ci;

-- --------------------------------------------------------

--
-- Table structure for table `users`
--

CREATE TABLE `users` (
  `user_id` int(11) NOT NULL,
  `username` varchar(20) NOT NULL,
  `email` varchar(50) NOT NULL,
  `password` varchar(100) NOT NULL
) ENGINE=InnoDB DEFAULT CHARSET=latin1 COLLATE=latin1_swedish_ci;

--
-- Dumping data for table `users`
--

INSERT INTO `users` (`user_id`, `username`, `email`, `password`) VALUES
(5, 'sri', 'sri7@gmail.com', '$2y$10$7HpFa6Ge.qLNFt2lCU4lwOhuAAjxOlrZwaGF2ikVyw1XIhjCx0vdm'),
(6, 'Harish', 'harish11@gmail.com', '$2y$10$C0TXHQuift7CdKgDwujBFeeB0Xu/ERQIG0tMe.XQPK6.rRIw6o4oG');

--
-- Indexes for dumped tables
--

--
-- Indexes for table `admin`
--
ALTER TABLE `admin`
  ADD PRIMARY KEY (`admin_id`);

--
-- Indexes for table `airline`
--
ALTER TABLE `airline`
  ADD PRIMARY KEY (`airline_id`);

--
-- Indexes for table `feedback`
--
ALTER TABLE `feedback`
  ADD PRIMARY KEY (`feed_id`);

--
-- Indexes for table `flight`
--
ALTER TABLE `flight`
  ADD PRIMARY KEY (`flight_id`),
  ADD KEY `admin_id` (`admin_id`);

--
-- Indexes for table `passenger_profile`
--
ALTER TABLE `passenger_profile`
  ADD PRIMARY KEY (`passenger_id`),
  ADD KEY `user_id` (`user_id`),
  ADD KEY `flight_id` (`flight_id`);

--
-- Indexes for table `payment`
--
ALTER TABLE `payment`
  ADD PRIMARY KEY (`card_no`),
  ADD KEY `user_id` (`user_id`),
  ADD KEY `flight_id` (`flight_id`);

--
-- Indexes for table `pwdreset`
--
ALTER TABLE `pwdreset`
  ADD PRIMARY KEY (`pwd_reset_id`);

--
-- Indexes for table `ticket`
--
ALTER TABLE `ticket`
  ADD PRIMARY KEY (`ticket_id`),
  ADD KEY `user_id` (`user_id`),
  ADD KEY `flight_id` (`flight_id`),
  ADD KEY `passenger_id` (`passenger_id`);

--
-- Indexes for table `users`
--
ALTER TABLE `users`
  ADD PRIMARY KEY (`user_id`);

--
-- AUTO_INCREMENT for dumped tables
--

--
-- AUTO_INCREMENT for table `admin`
--
ALTER TABLE `admin`
  MODIFY `admin_id` int(11) NOT NULL AUTO_INCREMENT, AUTO_INCREMENT=2;

--
-- AUTO_INCREMENT for table `airline`
--
ALTER TABLE `airline`
  MODIFY `airline_id` int(11) NOT NULL AUTO_INCREMENT, AUTO_INCREMENT=15;

--
-- AUTO_INCREMENT for table `feedback`
--
ALTER TABLE `feedback`
  MODIFY `feed_id` int(11) NOT NULL AUTO_INCREMENT;

--
-- AUTO_INCREMENT for table `flight`
--
ALTER TABLE `flight`
  MODIFY `flight_id` int(11) NOT NULL AUTO_INCREMENT, AUTO_INCREMENT=25;

--
-- AUTO_INCREMENT for table `passenger_profile`
--
ALTER TABLE `passenger_profile`
  MODIFY `passenger_id` int(11) NOT NULL AUTO_INCREMENT, AUTO_INCREMENT=11;

--
-- AUTO_INCREMENT for table `pwdreset`
--
ALTER TABLE `pwdreset`
  MODIFY `pwd_reset_id` int(11) NOT NULL AUTO_INCREMENT;

--
-- AUTO_INCREMENT for table `ticket`
--
ALTER TABLE `ticket`
  MODIFY `ticket_id` int(11) NOT NULL AUTO_INCREMENT, AUTO_INCREMENT=22;

--
-- AUTO_INCREMENT for table `users`
--
ALTER TABLE `users`
  MODIFY `user_id` int(11) NOT NULL AUTO_INCREMENT, AUTO_INCREMENT=7;

--
-- Constraints for dumped tables
--

--
-- Constraints for table `flight`
--
ALTER TABLE `flight`
  ADD CONSTRAINT `flight_ibfk_1` FOREIGN KEY (`admin_id`) REFERENCES `admin` (`admin_id`);

--
-- Constraints for table `passenger_profile`
--
ALTER TABLE `passenger_profile`
  ADD CONSTRAINT `passenger_profile_ibfk_1` FOREIGN KEY (`user_id`) REFERENCES `users` (`user_id`),
  ADD CONSTRAINT `passenger_profile_ibfk_2` FOREIGN KEY (`flight_id`) REFERENCES `flight` (`flight_id`);

--
-- Constraints for table `payment`
--
ALTER TABLE `payment`
  ADD CONSTRAINT `payment_ibfk_1` FOREIGN KEY (`user_id`) REFERENCES `users` (`user_id`),
  ADD CONSTRAINT `payment_ibfk_2` FOREIGN KEY (`flight_id`) REFERENCES `flight` (`flight_id`);

--
-- Constraints for table `ticket`
--
ALTER TABLE `ticket`
  ADD CONSTRAINT `ticket_ibfk_1` FOREIGN KEY (`user_id`) REFERENCES `users` (`user_id`),
  ADD CONSTRAINT `ticket_ibfk_2` FOREIGN KEY (`flight_id`) REFERENCES `flight` (`flight_id`),
  ADD CONSTRAINT `ticket_ibfk_3` FOREIGN KEY (`passenger_id`) REFERENCES `passenger_profile` (`passenger_id`) ON DELETE CASCADE;
COMMIT;

/*!40101 SET CHARACTER_SET_CLIENT=@OLD_CHARACTER_SET_CLIENT */;
/*!40101 SET CHARACTER_SET_RESULTS=@OLD_CHARACTER_SET_RESULTS */;
/*!40101 SET COLLATION_CONNECTION=@OLD_COLLATION_CONNECTION */;
